id,user_id,event_name,event_properties,page,created_at
1,1,signup_completed,"{""method"": ""email""}",/signup,2026-06-09 20:02:13.27553+05:30
2,1,resume_uploaded,"{""file_type"": ""pdf"", ""file_size_kb"": 245}",/upload,2026-06-09 20:04:13.27553+05:30
3,1,ats_analysis_completed,"{""ats_score"": 78, ""job_title"": ""Product Manager""}",/results,2026-06-09 20:06:13.27553+05:30
4,1,skill_gap_viewed,"{""skills_missing"": 3}",/skill-gap,2026-06-09 20:08:13.27553+05:30
5,1,interview_questions_generated,"{""question_count"": 5}",/interview,2026-06-09 20:10:13.27553+05:30
6,1,premium_clicked,"{""source"": ""skill_gap_page""}",/pricing,2026-06-09 20:12:13.27553+05:30
7,1,return_visit,"{""days_since_last_visit"": 10}",/upload,2026-06-19 20:02:13.27553+05:30
8,1,resume_uploaded,"{""file_type"": ""pdf"", ""file_size_kb"": 312}",/upload,2026-06-19 20:03:13.27553+05:30
9,1,ats_analysis_completed,"{""ats_score"": 85, ""job_title"": ""Senior PM""}",/results,2026-06-19 20:05:13.27553+05:30
10,2,signup_completed,"{""method"": ""email""}",/signup,2026-06-14 20:02:13.27553+05:30
11,2,resume_uploaded,"{""file_type"": ""docx"", ""file_size_kb"": 180}",/upload,2026-06-14 20:05:13.27553+05:30
12,2,ats_analysis_completed,"{""ats_score"": 55, ""job_title"": ""Data Analyst""}",/results,2026-06-14 20:07:13.27553+05:30
13,2,return_visit,"{""days_since_last_visit"": 13}",/upload,2026-06-27 20:02:13.27553+05:30
14,3,signup_completed,"{""method"": ""google""}",/signup,2026-06-19 20:02:13.27553+05:30
15,4,signup_completed,"{""method"": ""linkedin""}",/signup,2026-06-24 20:02:13.27553+05:30
16,4,resume_uploaded,"{""file_type"": ""pdf"", ""file_size_kb"": 290}",/upload,2026-06-24 20:04:13.27553+05:30
17,4,ats_analysis_completed,"{""ats_score"": 91, ""job_title"": ""Growth Manager""}",/results,2026-06-24 20:06:13.27553+05:30
18,4,skill_gap_viewed,"{""skills_missing"": 1}",/skill-gap,2026-06-24 20:08:13.27553+05:30
19,4,interview_questions_generated,"{""question_count"": 5}",/interview,2026-06-24 20:10:13.27553+05:30
20,4,premium_clicked,"{""source"": ""results_page""}",/pricing,2026-06-24 20:12:13.27553+05:30
21,4,return_visit,"{""days_since_last_visit"": 10}",/upload,2026-07-04 20:02:13.27553+05:30
22,4,resume_uploaded,"{""file_type"": ""pdf"", ""file_size_kb"": 275}",/upload,2026-07-04 20:03:13.27553+05:30
23,5,signup_completed,"{""method"": ""email""}",/signup,2026-06-29 20:02:13.27553+05:30
24,5,resume_uploaded,"{""file_type"": ""pdf"", ""file_size_kb"": 198}",/upload,2026-06-29 20:07:13.27553+05:30
25,6,signup_completed,"{""method"": ""email""}",/signup,2026-07-01 20:02:13.27553+05:30
26,7,signup_completed,"{""method"": ""google""}",/signup,2026-07-04 20:02:13.27553+05:30
27,7,resume_uploaded,"{""file_type"": ""docx"", ""file_size_kb"": 220}",/upload,2026-07-04 20:04:13.27553+05:30
28,7,ats_analysis_completed,"{""ats_score"": 63, ""job_title"": ""BA""}",/results,2026-07-04 20:06:13.27553+05:30
29,8,signup_completed,"{""method"": ""linkedin""}",/signup,2026-07-06 20:02:13.27553+05:30
30,8,resume_uploaded,"{""file_type"": ""pdf"", ""file_size_kb"": 310}",/upload,2026-07-06 20:03:13.27553+05:30
31,8,ats_analysis_completed,"{""ats_score"": 88, ""job_title"": ""APM""}",/results,2026-07-06 20:05:13.27553+05:30
32,8,skill_gap_viewed,"{""skills_missing"": 2}",/skill-gap,2026-07-06 20:07:13.27553+05:30
33,8,premium_clicked,"{""source"": ""skill_gap_page""}",/pricing,2026-07-06 20:09:13.27553+05:30
34,9,signup_completed,"{""method"": ""email""}",/signup,2026-07-07 20:02:13.27553+05:30
35,10,signup_completed,"{""method"": ""google""}",/signup,2026-07-08 20:02:13.27553+05:30
36,10,resume_uploaded,"{""file_type"": ""pdf"", ""file_size_kb"": 255}",/upload,2026-07-08 20:05:13.27553+05:30
37,11,feedback_submitted,"{""rating"": 4, ""feedback_length"": 41}",/feedback,2026-07-10 15:44:08.95822+05:30
38,11,feedback_submitted,"{""rating"": 4, ""feedback_length"": 41}",/feedback,2026-07-10 15:44:10.874728+05:30
39,11,ats_analysis_completed,"{""ats_score"": 70.3, ""job_title"": ""Senior Product Manager"", ""missing_skills_count"": 2}",/results,2026-07-10 16:07:18.679646+05:30
40,11,ats_analysis_completed,"{""ats_score"": 70.3, ""job_title"": ""Senior Product Manager"", ""missing_skills_count"": 2}",/results,2026-07-10 16:16:33.057374+05:30
41,11,ats_analysis_completed,"{""ats_score"": 70.3, ""job_title"": ""Senior Product Manager"", ""missing_skills_count"": 2}",/results,2026-07-10 16:16:58.567122+05:30
42,12,ats_analysis_completed,"{""ats_score"": 75.7, ""job_title"": ""data anlayst"", ""missing_skills_count"": 1}",/results,2026-07-10 16:25:34.559833+05:30
43,12,feedback_submitted,"{""rating"": 4, ""feedback_length"": 18}",/feedback,2026-07-10 16:26:04.023839+05:30
44,13,ats_analysis_completed,"{""ats_score"": 30.7, ""job_title"": ""data analyst"", ""missing_skills_count"": 11}",/results,2026-07-10 19:20:03.094232+05:30
45,13,feedback_submitted,"{""rating"": 4, ""feedback_length"": 26}",/feedback,2026-07-10 19:20:57.528891+05:30
46,11,resume_uploaded,"{""file_type"": ""text/plain"", ""file_size_kb"": 0.24, ""filename"": ""sample_resume.txt""}",/analyze,2026-07-10 19:55:50.489797+05:30
47,11,ats_analysis_completed,"{""ats_score"": 70.3, ""job_title"": ""Senior Product Manager"", ""missing_skills_count"": 2}",/results,2026-07-10 19:55:50.489797+05:30
326,14,signup_completed,"{""method"": ""email""}",/signup,2026-05-12 18:45:34.918474+05:30
327,15,signup_completed,"{""method"": ""linkedin""}",/signup,2026-05-28 11:30:17.160512+05:30
328,16,signup_completed,"{""method"": ""email""}",/signup,2026-05-28 20:56:19.904852+05:30
329,17,signup_completed,"{""method"": ""email""}",/signup,2026-06-29 04:03:39.041084+05:30
330,18,signup_completed,"{""method"": ""linkedin""}",/signup,2026-07-04 10:33:32.69703+05:30
331,19,signup_completed,"{""method"": ""email""}",/signup,2026-07-10 10:50:38.313844+05:30
332,20,signup_completed,"{""method"": ""linkedin""}",/signup,2026-05-31 05:30:15.082495+05:30
333,21,signup_completed,"{""method"": ""email""}",/signup,2026-06-29 18:45:53.968329+05:30
334,22,signup_completed,"{""method"": ""linkedin""}",/signup,2026-06-22 20:57:21.016353+05:30
335,23,signup_completed,"{""method"": ""linkedin""}",/signup,2026-06-29 21:18:20.799701+05:30
336,24,signup_completed,"{""method"": ""google""}",/signup,2026-07-04 02:00:26.267995+05:30
337,25,signup_completed,"{""method"": ""email""}",/signup,2026-05-24 14:27:11.055937+05:30
338,26,signup_completed,"{""method"": ""email""}",/signup,2026-05-16 21:12:29.248801+05:30
339,27,signup_completed,"{""method"": ""linkedin""}",/signup,2026-05-29 17:40:17.049441+05:30
340,28,signup_completed,"{""method"": ""linkedin""}",/signup,2026-05-20 09:19:35.239424+05:30
341,29,signup_completed,"{""method"": ""email""}",/signup,2026-06-28 11:01:26.535007+05:30
342,30,signup_completed,"{""method"": ""google""}",/signup,2026-06-14 11:20:17.142089+05:30
343,31,signup_completed,"{""method"": ""email""}",/signup,2026-05-30 22:01:20.976081+05:30
344,32,signup_completed,"{""method"": ""linkedin""}",/signup,2026-05-23 23:13:59.222417+05:30
345,33,signup_completed,"{""method"": ""email""}",/signup,2026-07-03 04:08:25.000474+05:30
346,34,signup_completed,"{""method"": ""google""}",/signup,2026-06-20 07:18:15.228339+05:30
347,35,signup_completed,"{""method"": ""email""}",/signup,2026-06-09 17:53:44.037993+05:30
348,36,signup_completed,"{""method"": ""google""}",/signup,2026-06-29 22:56:05.408637+05:30
349,37,signup_completed,"{""method"": ""google""}",/signup,2026-06-25 16:06:51.869183+05:30
350,38,signup_completed,"{""method"": ""linkedin""}",/signup,2026-06-09 02:25:07.510093+05:30
351,39,signup_completed,"{""method"": ""email""}",/signup,2026-05-13 17:14:07.03769+05:30
352,40,signup_completed,"{""method"": ""google""}",/signup,2026-05-26 05:37:17.659139+05:30
353,41,signup_completed,"{""method"": ""linkedin""}",/signup,2026-05-12 05:07:13.254086+05:30
354,42,signup_completed,"{""method"": ""email""}",/signup,2026-06-08 18:04:55.334734+05:30
355,43,signup_completed,"{""method"": ""email""}",/signup,2026-06-02 06:03:30.716426+05:30
356,14,resume_uploaded,"{""file_type"": ""application/pdf"", ""file_size_kb"": 100}",/upload,2026-05-13 18:45:34.918474+05:30
357,15,resume_uploaded,"{""file_type"": ""application/pdf"", ""file_size_kb"": 329}",/upload,2026-05-29 11:30:17.160512+05:30
358,16,resume_uploaded,"{""file_type"": ""application/pdf"", ""file_size_kb"": 324}",/upload,2026-05-29 20:56:19.904852+05:30
359,17,resume_uploaded,"{""file_type"": ""application/pdf"", ""file_size_kb"": 297}",/upload,2026-06-30 04:03:39.041084+05:30
360,18,resume_uploaded,"{""file_type"": ""application/pdf"", ""file_size_kb"": 180}",/upload,2026-07-05 10:33:32.69703+05:30
361,19,resume_uploaded,"{""file_type"": ""application/pdf"", ""file_size_kb"": 202}",/upload,2026-07-11 10:50:38.313844+05:30
362,20,resume_uploaded,"{""file_type"": ""application/pdf"", ""file_size_kb"": 191}",/upload,2026-06-01 05:30:15.082495+05:30
363,21,resume_uploaded,"{""file_type"": ""application/pdf"", ""file_size_kb"": 159}",/upload,2026-06-30 18:45:53.968329+05:30
364,22,resume_uploaded,"{""file_type"": ""application/pdf"", ""file_size_kb"": 352}",/upload,2026-06-23 20:57:21.016353+05:30
365,23,resume_uploaded,"{""file_type"": ""application/pdf"", ""file_size_kb"": 236}",/upload,2026-06-30 21:18:20.799701+05:30
366,24,resume_uploaded,"{""file_type"": ""application/pdf"", ""file_size_kb"": 327}",/upload,2026-07-05 02:00:26.267995+05:30
367,25,resume_uploaded,"{""file_type"": ""application/pdf"", ""file_size_kb"": 209}",/upload,2026-05-25 14:27:11.055937+05:30
368,26,resume_uploaded,"{""file_type"": ""application/pdf"", ""file_size_kb"": 357}",/upload,2026-05-17 21:12:29.248801+05:30
369,27,resume_uploaded,"{""file_type"": ""application/pdf"", ""file_size_kb"": 203}",/upload,2026-05-30 17:40:17.049441+05:30
370,28,resume_uploaded,"{""file_type"": ""application/pdf"", ""file_size_kb"": 133}",/upload,2026-05-21 09:19:35.239424+05:30
371,29,resume_uploaded,"{""file_type"": ""application/pdf"", ""file_size_kb"": 227}",/upload,2026-06-29 11:01:26.535007+05:30
372,30,resume_uploaded,"{""file_type"": ""application/pdf"", ""file_size_kb"": 145}",/upload,2026-06-15 11:20:17.142089+05:30
373,31,resume_uploaded,"{""file_type"": ""application/pdf"", ""file_size_kb"": 126}",/upload,2026-05-31 22:01:20.976081+05:30
374,32,resume_uploaded,"{""file_type"": ""application/pdf"", ""file_size_kb"": 320}",/upload,2026-05-24 23:13:59.222417+05:30
375,33,resume_uploaded,"{""file_type"": ""application/pdf"", ""file_size_kb"": 338}",/upload,2026-07-04 04:08:25.000474+05:30
376,34,resume_uploaded,"{""file_type"": ""application/pdf"", ""file_size_kb"": 260}",/upload,2026-06-21 07:18:15.228339+05:30
377,35,resume_uploaded,"{""file_type"": ""application/pdf"", ""file_size_kb"": 189}",/upload,2026-06-10 17:53:44.037993+05:30
378,36,resume_uploaded,"{""file_type"": ""application/pdf"", ""file_size_kb"": 370}",/upload,2026-06-30 22:56:05.408637+05:30
379,37,resume_uploaded,"{""file_type"": ""application/pdf"", ""file_size_kb"": 199}",/upload,2026-06-26 16:06:51.869183+05:30
380,38,resume_uploaded,"{""file_type"": ""application/pdf"", ""file_size_kb"": 124}",/upload,2026-06-10 02:25:07.510093+05:30
381,39,resume_uploaded,"{""file_type"": ""application/pdf"", ""file_size_kb"": 230}",/upload,2026-05-14 17:14:07.03769+05:30
382,40,resume_uploaded,"{""file_type"": ""application/pdf"", ""file_size_kb"": 250}",/upload,2026-05-27 05:37:17.659139+05:30
383,41,resume_uploaded,"{""file_type"": ""application/pdf"", ""file_size_kb"": 386}",/upload,2026-05-13 05:07:13.254086+05:30
384,42,resume_uploaded,"{""file_type"": ""application/pdf"", ""file_size_kb"": 164}",/upload,2026-06-09 18:04:55.334734+05:30
385,43,resume_uploaded,"{""file_type"": ""application/pdf"", ""file_size_kb"": 148}",/upload,2026-06-03 06:03:30.716426+05:30
386,14,ats_analysis_completed,"{""ats_score"": 52, ""job_title"": ""Product Manager""}",/results,2026-05-13 18:55:34.918474+05:30
387,15,ats_analysis_completed,"{""ats_score"": 80, ""job_title"": ""Product Manager""}",/results,2026-05-29 11:40:17.160512+05:30
388,16,ats_analysis_completed,"{""ats_score"": 74, ""job_title"": ""Product Manager""}",/results,2026-05-29 21:06:19.904852+05:30
389,17,ats_analysis_completed,"{""ats_score"": 66, ""job_title"": ""Product Manager""}",/results,2026-06-30 04:13:39.041084+05:30
390,18,ats_analysis_completed,"{""ats_score"": 62, ""job_title"": ""Product Manager""}",/results,2026-07-05 10:43:32.69703+05:30
391,19,ats_analysis_completed,"{""ats_score"": 66, ""job_title"": ""Product Manager""}",/results,2026-07-11 11:00:38.313844+05:30
392,20,ats_analysis_completed,"{""ats_score"": 86, ""job_title"": ""Product Manager""}",/results,2026-06-01 05:40:15.082495+05:30
393,21,ats_analysis_completed,"{""ats_score"": 89, ""job_title"": ""Product Manager""}",/results,2026-06-30 18:55:53.968329+05:30
394,22,ats_analysis_completed,"{""ats_score"": 88, ""job_title"": ""Product Manager""}",/results,2026-06-23 21:07:21.016353+05:30
395,23,ats_analysis_completed,"{""ats_score"": 55, ""job_title"": ""Product Manager""}",/results,2026-06-30 21:28:20.799701+05:30
396,24,ats_analysis_completed,"{""ats_score"": 75, ""job_title"": ""Product Manager""}",/results,2026-07-05 02:10:26.267995+05:30
397,25,ats_analysis_completed,"{""ats_score"": 76, ""job_title"": ""Product Manager""}",/results,2026-05-25 14:37:11.055937+05:30
398,26,ats_analysis_completed,"{""ats_score"": 72, ""job_title"": ""Product Manager""}",/results,2026-05-17 21:22:29.248801+05:30
399,27,ats_analysis_completed,"{""ats_score"": 80, ""job_title"": ""Product Manager""}",/results,2026-05-30 17:50:17.049441+05:30
400,28,ats_analysis_completed,"{""ats_score"": 70, ""job_title"": ""Product Manager""}",/results,2026-05-21 09:29:35.239424+05:30
401,29,ats_analysis_completed,"{""ats_score"": 86, ""job_title"": ""Product Manager""}",/results,2026-06-29 11:11:26.535007+05:30
402,30,ats_analysis_completed,"{""ats_score"": 81, ""job_title"": ""Product Manager""}",/results,2026-06-15 11:30:17.142089+05:30
403,31,ats_analysis_completed,"{""ats_score"": 80, ""job_title"": ""Product Manager""}",/results,2026-05-31 22:11:20.976081+05:30
404,32,ats_analysis_completed,"{""ats_score"": 53, ""job_title"": ""Product Manager""}",/results,2026-05-24 23:23:59.222417+05:30
405,33,ats_analysis_completed,"{""ats_score"": 82, ""job_title"": ""Product Manager""}",/results,2026-07-04 04:18:25.000474+05:30
406,34,ats_analysis_completed,"{""ats_score"": 74, ""job_title"": ""Product Manager""}",/results,2026-06-21 07:28:15.228339+05:30
407,35,ats_analysis_completed,"{""ats_score"": 58, ""job_title"": ""Product Manager""}",/results,2026-06-10 18:03:44.037993+05:30
408,36,ats_analysis_completed,"{""ats_score"": 71, ""job_title"": ""Product Manager""}",/results,2026-06-30 23:06:05.408637+05:30
409,37,ats_analysis_completed,"{""ats_score"": 60, ""job_title"": ""Product Manager""}",/results,2026-06-26 16:16:51.869183+05:30
410,38,ats_analysis_completed,"{""ats_score"": 63, ""job_title"": ""Product Manager""}",/results,2026-06-10 02:35:07.510093+05:30
411,39,ats_analysis_completed,"{""ats_score"": 79, ""job_title"": ""Product Manager""}",/results,2026-05-14 17:24:07.03769+05:30
412,40,ats_analysis_completed,"{""ats_score"": 59, ""job_title"": ""Product Manager""}",/results,2026-05-27 05:47:17.659139+05:30
413,41,ats_analysis_completed,"{""ats_score"": 71, ""job_title"": ""Product Manager""}",/results,2026-05-13 05:17:13.254086+05:30
414,42,ats_analysis_completed,"{""ats_score"": 54, ""job_title"": ""Product Manager""}",/results,2026-06-09 18:14:55.334734+05:30
415,43,ats_analysis_completed,"{""ats_score"": 69, ""job_title"": ""Product Manager""}",/results,2026-06-03 06:13:30.716426+05:30
416,14,skill_gap_viewed,"{""skills_missing"": 2}",/skill-gap,2026-05-13 19:05:34.918474+05:30
417,15,skill_gap_viewed,"{""skills_missing"": 1}",/skill-gap,2026-05-29 11:50:17.160512+05:30
418,16,skill_gap_viewed,"{""skills_missing"": 2}",/skill-gap,2026-05-29 21:16:19.904852+05:30
419,17,skill_gap_viewed,"{""skills_missing"": 2}",/skill-gap,2026-06-30 04:23:39.041084+05:30
420,18,skill_gap_viewed,"{""skills_missing"": 2}",/skill-gap,2026-07-05 10:53:32.69703+05:30
421,19,skill_gap_viewed,"{""skills_missing"": 3}",/skill-gap,2026-07-11 11:10:38.313844+05:30
422,20,skill_gap_viewed,"{""skills_missing"": 3}",/skill-gap,2026-06-01 05:50:15.082495+05:30
423,21,skill_gap_viewed,"{""skills_missing"": 2}",/skill-gap,2026-06-30 19:05:53.968329+05:30
424,22,skill_gap_viewed,"{""skills_missing"": 3}",/skill-gap,2026-06-23 21:17:21.016353+05:30
425,23,skill_gap_viewed,"{""skills_missing"": 1}",/skill-gap,2026-06-30 21:38:20.799701+05:30
426,24,skill_gap_viewed,"{""skills_missing"": 4}",/skill-gap,2026-07-05 02:20:26.267995+05:30
427,25,skill_gap_viewed,"{""skills_missing"": 3}",/skill-gap,2026-05-25 14:47:11.055937+05:30
428,26,skill_gap_viewed,"{""skills_missing"": 2}",/skill-gap,2026-05-17 21:32:29.248801+05:30
429,27,skill_gap_viewed,"{""skills_missing"": 4}",/skill-gap,2026-05-30 18:00:17.049441+05:30
430,28,skill_gap_viewed,"{""skills_missing"": 4}",/skill-gap,2026-05-21 09:39:35.239424+05:30
431,29,skill_gap_viewed,"{""skills_missing"": 2}",/skill-gap,2026-06-29 11:21:26.535007+05:30
432,30,skill_gap_viewed,"{""skills_missing"": 1}",/skill-gap,2026-06-15 11:40:17.142089+05:30
433,31,skill_gap_viewed,"{""skills_missing"": 2}",/skill-gap,2026-05-31 22:21:20.976081+05:30
434,32,skill_gap_viewed,"{""skills_missing"": 1}",/skill-gap,2026-05-24 23:33:59.222417+05:30
435,33,skill_gap_viewed,"{""skills_missing"": 2}",/skill-gap,2026-07-04 04:28:25.000474+05:30
436,34,skill_gap_viewed,"{""skills_missing"": 3}",/skill-gap,2026-06-21 07:38:15.228339+05:30
437,35,skill_gap_viewed,"{""skills_missing"": 2}",/skill-gap,2026-06-10 18:13:44.037993+05:30
438,36,skill_gap_viewed,"{""skills_missing"": 2}",/skill-gap,2026-06-30 23:16:05.408637+05:30
439,37,skill_gap_viewed,"{""skills_missing"": 3}",/skill-gap,2026-06-26 16:26:51.869183+05:30
440,38,skill_gap_viewed,"{""skills_missing"": 3}",/skill-gap,2026-06-10 02:45:07.510093+05:30
441,39,skill_gap_viewed,"{""skills_missing"": 2}",/skill-gap,2026-05-14 17:34:07.03769+05:30
442,40,skill_gap_viewed,"{""skills_missing"": 2}",/skill-gap,2026-05-27 05:57:17.659139+05:30
443,41,skill_gap_viewed,"{""skills_missing"": 2}",/skill-gap,2026-05-13 05:27:13.254086+05:30
444,42,skill_gap_viewed,"{""skills_missing"": 3}",/skill-gap,2026-06-09 18:24:55.334734+05:30
445,43,skill_gap_viewed,"{""skills_missing"": 3}",/skill-gap,2026-06-03 06:23:30.716426+05:30
446,14,return_visit,"{""days_since_last_visit"": 7}",/upload,2026-05-19 18:45:34.918474+05:30
447,15,return_visit,"{""days_since_last_visit"": 7}",/upload,2026-06-04 11:30:17.160512+05:30
448,16,return_visit,"{""days_since_last_visit"": 7}",/upload,2026-06-04 20:56:19.904852+05:30
449,17,return_visit,"{""days_since_last_visit"": 7}",/upload,2026-07-06 04:03:39.041084+05:30
450,18,return_visit,"{""days_since_last_visit"": 7}",/upload,2026-07-11 10:33:32.69703+05:30
451,19,return_visit,"{""days_since_last_visit"": 7}",/upload,2026-07-17 10:50:38.313844+05:30
452,20,return_visit,"{""days_since_last_visit"": 7}",/upload,2026-06-07 05:30:15.082495+05:30
453,21,return_visit,"{""days_since_last_visit"": 7}",/upload,2026-07-06 18:45:53.968329+05:30
454,22,return_visit,"{""days_since_last_visit"": 7}",/upload,2026-06-29 20:57:21.016353+05:30
455,23,return_visit,"{""days_since_last_visit"": 7}",/upload,2026-07-06 21:18:20.799701+05:30
456,24,return_visit,"{""days_since_last_visit"": 7}",/upload,2026-07-11 02:00:26.267995+05:30
457,25,return_visit,"{""days_since_last_visit"": 7}",/upload,2026-05-31 14:27:11.055937+05:30
458,26,return_visit,"{""days_since_last_visit"": 7}",/upload,2026-05-23 21:12:29.248801+05:30
459,27,return_visit,"{""days_since_last_visit"": 7}",/upload,2026-06-05 17:40:17.049441+05:30
460,28,return_visit,"{""days_since_last_visit"": 7}",/upload,2026-05-27 09:19:35.239424+05:30
461,29,return_visit,"{""days_since_last_visit"": 7}",/upload,2026-07-05 11:01:26.535007+05:30
462,30,return_visit,"{""days_since_last_visit"": 7}",/upload,2026-06-21 11:20:17.142089+05:30
463,31,return_visit,"{""days_since_last_visit"": 7}",/upload,2026-06-06 22:01:20.976081+05:30
464,32,return_visit,"{""days_since_last_visit"": 7}",/upload,2026-05-30 23:13:59.222417+05:30
465,33,return_visit,"{""days_since_last_visit"": 7}",/upload,2026-07-10 04:08:25.000474+05:30
466,34,return_visit,"{""days_since_last_visit"": 7}",/upload,2026-06-27 07:18:15.228339+05:30
467,35,return_visit,"{""days_since_last_visit"": 7}",/upload,2026-06-16 17:53:44.037993+05:30
468,36,return_visit,"{""days_since_last_visit"": 7}",/upload,2026-07-06 22:56:05.408637+05:30
469,37,return_visit,"{""days_since_last_visit"": 7}",/upload,2026-07-02 16:06:51.869183+05:30
470,38,return_visit,"{""days_since_last_visit"": 7}",/upload,2026-06-16 02:25:07.510093+05:30
471,39,return_visit,"{""days_since_last_visit"": 7}",/upload,2026-05-20 17:14:07.03769+05:30
472,40,return_visit,"{""days_since_last_visit"": 7}",/upload,2026-06-02 05:37:17.659139+05:30
473,41,return_visit,"{""days_since_last_visit"": 7}",/upload,2026-05-19 05:07:13.254086+05:30
474,42,return_visit,"{""days_since_last_visit"": 7}",/upload,2026-06-15 18:04:55.334734+05:30
475,43,return_visit,"{""days_since_last_visit"": 7}",/upload,2026-06-09 06:03:30.716426+05:30
476,14,resume_uploaded,"{""file_type"": ""application/pdf"", ""file_size_kb"": 326}",/upload,2026-05-19 18:50:34.918474+05:30
477,15,resume_uploaded,"{""file_type"": ""application/pdf"", ""file_size_kb"": 158}",/upload,2026-06-04 11:35:17.160512+05:30
478,16,resume_uploaded,"{""file_type"": ""application/pdf"", ""file_size_kb"": 328}",/upload,2026-06-04 21:01:19.904852+05:30
479,17,resume_uploaded,"{""file_type"": ""application/pdf"", ""file_size_kb"": 228}",/upload,2026-07-06 04:08:39.041084+05:30
480,18,resume_uploaded,"{""file_type"": ""application/pdf"", ""file_size_kb"": 211}",/upload,2026-07-11 10:38:32.69703+05:30
481,19,resume_uploaded,"{""file_type"": ""application/pdf"", ""file_size_kb"": 291}",/upload,2026-07-17 10:55:38.313844+05:30
482,20,resume_uploaded,"{""file_type"": ""application/pdf"", ""file_size_kb"": 272}",/upload,2026-06-07 05:35:15.082495+05:30
483,21,resume_uploaded,"{""file_type"": ""application/pdf"", ""file_size_kb"": 174}",/upload,2026-07-06 18:50:53.968329+05:30
484,22,resume_uploaded,"{""file_type"": ""application/pdf"", ""file_size_kb"": 279}",/upload,2026-06-29 21:02:21.016353+05:30
485,23,resume_uploaded,"{""file_type"": ""application/pdf"", ""file_size_kb"": 161}",/upload,2026-07-06 21:23:20.799701+05:30
486,24,resume_uploaded,"{""file_type"": ""application/pdf"", ""file_size_kb"": 344}",/upload,2026-07-11 02:05:26.267995+05:30
487,25,resume_uploaded,"{""file_type"": ""application/pdf"", ""file_size_kb"": 279}",/upload,2026-05-31 14:32:11.055937+05:30
488,26,resume_uploaded,"{""file_type"": ""application/pdf"", ""file_size_kb"": 360}",/upload,2026-05-23 21:17:29.248801+05:30
489,27,resume_uploaded,"{""file_type"": ""application/pdf"", ""file_size_kb"": 381}",/upload,2026-06-05 17:45:17.049441+05:30
490,28,resume_uploaded,"{""file_type"": ""application/pdf"", ""file_size_kb"": 114}",/upload,2026-05-27 09:24:35.239424+05:30
491,29,resume_uploaded,"{""file_type"": ""application/pdf"", ""file_size_kb"": 199}",/upload,2026-07-05 11:06:26.535007+05:30
492,30,resume_uploaded,"{""file_type"": ""application/pdf"", ""file_size_kb"": 136}",/upload,2026-06-21 11:25:17.142089+05:30
493,31,resume_uploaded,"{""file_type"": ""application/pdf"", ""file_size_kb"": 170}",/upload,2026-06-06 22:06:20.976081+05:30
494,32,resume_uploaded,"{""file_type"": ""application/pdf"", ""file_size_kb"": 284}",/upload,2026-05-30 23:18:59.222417+05:30
495,33,resume_uploaded,"{""file_type"": ""application/pdf"", ""file_size_kb"": 152}",/upload,2026-07-10 04:13:25.000474+05:30
496,34,resume_uploaded,"{""file_type"": ""application/pdf"", ""file_size_kb"": 221}",/upload,2026-06-27 07:23:15.228339+05:30
497,35,resume_uploaded,"{""file_type"": ""application/pdf"", ""file_size_kb"": 176}",/upload,2026-06-16 17:58:44.037993+05:30
498,36,resume_uploaded,"{""file_type"": ""application/pdf"", ""file_size_kb"": 106}",/upload,2026-07-06 23:01:05.408637+05:30
499,37,resume_uploaded,"{""file_type"": ""application/pdf"", ""file_size_kb"": 380}",/upload,2026-07-02 16:11:51.869183+05:30
500,38,resume_uploaded,"{""file_type"": ""application/pdf"", ""file_size_kb"": 309}",/upload,2026-06-16 02:30:07.510093+05:30
501,39,resume_uploaded,"{""file_type"": ""application/pdf"", ""file_size_kb"": 177}",/upload,2026-05-20 17:19:07.03769+05:30
502,40,resume_uploaded,"{""file_type"": ""application/pdf"", ""file_size_kb"": 145}",/upload,2026-06-02 05:42:17.659139+05:30
503,41,resume_uploaded,"{""file_type"": ""application/pdf"", ""file_size_kb"": 225}",/upload,2026-05-19 05:12:13.254086+05:30
504,42,resume_uploaded,"{""file_type"": ""application/pdf"", ""file_size_kb"": 147}",/upload,2026-06-15 18:09:55.334734+05:30
505,43,resume_uploaded,"{""file_type"": ""application/pdf"", ""file_size_kb"": 242}",/upload,2026-06-09 06:08:30.716426+05:30
506,14,ats_analysis_completed,"{""ats_score"": 77, ""job_title"": ""Senior PM""}",/results,2026-05-19 19:00:34.918474+05:30
507,15,ats_analysis_completed,"{""ats_score"": 79, ""job_title"": ""Senior PM""}",/results,2026-06-04 11:45:17.160512+05:30
508,16,ats_analysis_completed,"{""ats_score"": 74, ""job_title"": ""Senior PM""}",/results,2026-06-04 21:11:19.904852+05:30
509,17,ats_analysis_completed,"{""ats_score"": 90, ""job_title"": ""Senior PM""}",/results,2026-07-06 04:18:39.041084+05:30
510,18,ats_analysis_completed,"{""ats_score"": 71, ""job_title"": ""Senior PM""}",/results,2026-07-11 10:48:32.69703+05:30
511,19,ats_analysis_completed,"{""ats_score"": 73, ""job_title"": ""Senior PM""}",/results,2026-07-17 11:05:38.313844+05:30
512,20,ats_analysis_completed,"{""ats_score"": 62, ""job_title"": ""Senior PM""}",/results,2026-06-07 05:45:15.082495+05:30
513,21,ats_analysis_completed,"{""ats_score"": 75, ""job_title"": ""Senior PM""}",/results,2026-07-06 19:00:53.968329+05:30
514,22,ats_analysis_completed,"{""ats_score"": 80, ""job_title"": ""Senior PM""}",/results,2026-06-29 21:12:21.016353+05:30
515,23,ats_analysis_completed,"{""ats_score"": 75, ""job_title"": ""Senior PM""}",/results,2026-07-06 21:33:20.799701+05:30
590,38,return_visit,"{""days_since_last_visit"": 7}",/upload,2026-07-07 04:49:55.630395+05:30
516,24,ats_analysis_completed,"{""ats_score"": 63, ""job_title"": ""Senior PM""}",/results,2026-07-11 02:15:26.267995+05:30
517,25,ats_analysis_completed,"{""ats_score"": 82, ""job_title"": ""Senior PM""}",/results,2026-05-31 14:42:11.055937+05:30
518,26,ats_analysis_completed,"{""ats_score"": 74, ""job_title"": ""Senior PM""}",/results,2026-05-23 21:27:29.248801+05:30
519,27,ats_analysis_completed,"{""ats_score"": 86, ""job_title"": ""Senior PM""}",/results,2026-06-05 17:55:17.049441+05:30
520,28,ats_analysis_completed,"{""ats_score"": 60, ""job_title"": ""Senior PM""}",/results,2026-05-27 09:34:35.239424+05:30
521,29,ats_analysis_completed,"{""ats_score"": 67, ""job_title"": ""Senior PM""}",/results,2026-07-05 11:16:26.535007+05:30
522,30,ats_analysis_completed,"{""ats_score"": 65, ""job_title"": ""Senior PM""}",/results,2026-06-21 11:35:17.142089+05:30
523,31,ats_analysis_completed,"{""ats_score"": 87, ""job_title"": ""Senior PM""}",/results,2026-06-06 22:16:20.976081+05:30
524,32,ats_analysis_completed,"{""ats_score"": 62, ""job_title"": ""Senior PM""}",/results,2026-05-30 23:28:59.222417+05:30
525,33,ats_analysis_completed,"{""ats_score"": 68, ""job_title"": ""Senior PM""}",/results,2026-07-10 04:23:25.000474+05:30
526,34,ats_analysis_completed,"{""ats_score"": 72, ""job_title"": ""Senior PM""}",/results,2026-06-27 07:33:15.228339+05:30
527,35,ats_analysis_completed,"{""ats_score"": 69, ""job_title"": ""Senior PM""}",/results,2026-06-16 18:08:44.037993+05:30
528,36,ats_analysis_completed,"{""ats_score"": 90, ""job_title"": ""Senior PM""}",/results,2026-07-06 23:11:05.408637+05:30
529,37,ats_analysis_completed,"{""ats_score"": 65, ""job_title"": ""Senior PM""}",/results,2026-07-02 16:21:51.869183+05:30
530,38,ats_analysis_completed,"{""ats_score"": 86, ""job_title"": ""Senior PM""}",/results,2026-06-16 02:40:07.510093+05:30
531,39,ats_analysis_completed,"{""ats_score"": 88, ""job_title"": ""Senior PM""}",/results,2026-05-20 17:29:07.03769+05:30
532,40,ats_analysis_completed,"{""ats_score"": 67, ""job_title"": ""Senior PM""}",/results,2026-06-02 05:52:17.659139+05:30
533,41,ats_analysis_completed,"{""ats_score"": 72, ""job_title"": ""Senior PM""}",/results,2026-05-19 05:22:13.254086+05:30
534,42,ats_analysis_completed,"{""ats_score"": 74, ""job_title"": ""Senior PM""}",/results,2026-06-15 18:19:55.334734+05:30
535,43,ats_analysis_completed,"{""ats_score"": 85, ""job_title"": ""Senior PM""}",/results,2026-06-09 06:18:30.716426+05:30
536,14,interview_questions_generated,"{""question_count"": 5}",/interview,2026-05-19 19:10:34.918474+05:30
537,15,interview_questions_generated,"{""question_count"": 5}",/interview,2026-06-04 11:55:17.160512+05:30
538,16,interview_questions_generated,"{""question_count"": 5}",/interview,2026-06-04 21:21:19.904852+05:30
539,17,interview_questions_generated,"{""question_count"": 5}",/interview,2026-07-06 04:28:39.041084+05:30
540,18,interview_questions_generated,"{""question_count"": 5}",/interview,2026-07-11 10:58:32.69703+05:30
541,19,interview_questions_generated,"{""question_count"": 5}",/interview,2026-07-17 11:15:38.313844+05:30
542,20,interview_questions_generated,"{""question_count"": 5}",/interview,2026-06-07 05:55:15.082495+05:30
543,21,interview_questions_generated,"{""question_count"": 5}",/interview,2026-07-06 19:10:53.968329+05:30
544,22,interview_questions_generated,"{""question_count"": 5}",/interview,2026-06-29 21:22:21.016353+05:30
545,23,interview_questions_generated,"{""question_count"": 5}",/interview,2026-07-06 21:43:20.799701+05:30
546,24,interview_questions_generated,"{""question_count"": 5}",/interview,2026-07-11 02:25:26.267995+05:30
547,25,interview_questions_generated,"{""question_count"": 5}",/interview,2026-05-31 14:52:11.055937+05:30
548,26,interview_questions_generated,"{""question_count"": 5}",/interview,2026-05-23 21:37:29.248801+05:30
549,27,interview_questions_generated,"{""question_count"": 5}",/interview,2026-06-05 18:05:17.049441+05:30
550,28,interview_questions_generated,"{""question_count"": 5}",/interview,2026-05-27 09:44:35.239424+05:30
551,29,interview_questions_generated,"{""question_count"": 5}",/interview,2026-07-05 11:26:26.535007+05:30
552,30,interview_questions_generated,"{""question_count"": 5}",/interview,2026-06-21 11:45:17.142089+05:30
553,31,interview_questions_generated,"{""question_count"": 5}",/interview,2026-06-06 22:26:20.976081+05:30
554,32,interview_questions_generated,"{""question_count"": 5}",/interview,2026-05-30 23:38:59.222417+05:30
555,33,interview_questions_generated,"{""question_count"": 5}",/interview,2026-07-10 04:33:25.000474+05:30
556,34,interview_questions_generated,"{""question_count"": 5}",/interview,2026-06-27 07:43:15.228339+05:30
557,35,interview_questions_generated,"{""question_count"": 5}",/interview,2026-06-16 18:18:44.037993+05:30
558,36,interview_questions_generated,"{""question_count"": 5}",/interview,2026-07-06 23:21:05.408637+05:30
559,37,interview_questions_generated,"{""question_count"": 5}",/interview,2026-07-02 16:31:51.869183+05:30
560,38,interview_questions_generated,"{""question_count"": 5}",/interview,2026-06-16 02:50:07.510093+05:30
561,39,interview_questions_generated,"{""question_count"": 5}",/interview,2026-05-20 17:39:07.03769+05:30
562,40,interview_questions_generated,"{""question_count"": 5}",/interview,2026-06-02 06:02:17.659139+05:30
563,41,interview_questions_generated,"{""question_count"": 5}",/interview,2026-05-19 05:32:13.254086+05:30
564,42,interview_questions_generated,"{""question_count"": 5}",/interview,2026-06-15 18:29:55.334734+05:30
565,43,interview_questions_generated,"{""question_count"": 5}",/interview,2026-06-09 06:28:30.716426+05:30
566,14,return_visit,"{""days_since_last_visit"": 7}",/upload,2026-07-08 14:00:04.718911+05:30
567,15,return_visit,"{""days_since_last_visit"": 7}",/upload,2026-07-07 12:07:45.0649+05:30
568,16,return_visit,"{""days_since_last_visit"": 7}",/upload,2026-07-02 11:06:37.059113+05:30
569,17,return_visit,"{""days_since_last_visit"": 7}",/upload,2026-07-09 20:56:27.032626+05:30
570,18,return_visit,"{""days_since_last_visit"": 7}",/upload,2026-07-08 14:29:54.4625+05:30
571,19,return_visit,"{""days_since_last_visit"": 7}",/upload,2026-07-04 19:00:00.77738+05:30
572,20,return_visit,"{""days_since_last_visit"": 7}",/upload,2026-07-02 23:10:11.038019+05:30
573,21,return_visit,"{""days_since_last_visit"": 7}",/upload,2026-07-08 08:37:06.096803+05:30
574,22,return_visit,"{""days_since_last_visit"": 7}",/upload,2026-07-10 13:59:00.227739+05:30
575,23,return_visit,"{""days_since_last_visit"": 7}",/upload,2026-07-08 15:15:20.65442+05:30
576,24,return_visit,"{""days_since_last_visit"": 7}",/upload,2026-07-10 15:38:26.521197+05:30
577,25,return_visit,"{""days_since_last_visit"": 7}",/upload,2026-07-08 11:00:41.695446+05:30
578,26,return_visit,"{""days_since_last_visit"": 7}",/upload,2026-07-07 02:19:24.291167+05:30
579,27,return_visit,"{""days_since_last_visit"": 7}",/upload,2026-07-03 16:12:38.291598+05:30
580,28,return_visit,"{""days_since_last_visit"": 7}",/upload,2026-07-09 21:14:39.645152+05:30
581,29,return_visit,"{""days_since_last_visit"": 7}",/upload,2026-07-05 01:04:12.020798+05:30
582,30,return_visit,"{""days_since_last_visit"": 7}",/upload,2026-07-03 07:46:19.016288+05:30
583,31,return_visit,"{""days_since_last_visit"": 7}",/upload,2026-07-04 02:43:22.085975+05:30
584,32,return_visit,"{""days_since_last_visit"": 7}",/upload,2026-07-06 03:46:32.520819+05:30
585,33,return_visit,"{""days_since_last_visit"": 7}",/upload,2026-07-10 18:14:30.408867+05:30
586,34,return_visit,"{""days_since_last_visit"": 7}",/upload,2026-07-03 06:41:02.357589+05:30
587,35,return_visit,"{""days_since_last_visit"": 7}",/upload,2026-07-03 02:02:05.714333+05:30
588,36,return_visit,"{""days_since_last_visit"": 7}",/upload,2026-07-01 01:54:32.870776+05:30
589,37,return_visit,"{""days_since_last_visit"": 7}",/upload,2026-07-03 13:00:49.763052+05:30
591,39,return_visit,"{""days_since_last_visit"": 7}",/upload,2026-07-07 10:38:54.25575+05:30
592,40,return_visit,"{""days_since_last_visit"": 7}",/upload,2026-07-09 03:26:23.138743+05:30
593,41,return_visit,"{""days_since_last_visit"": 7}",/upload,2026-07-01 00:17:37.319156+05:30
594,42,return_visit,"{""days_since_last_visit"": 7}",/upload,2026-07-09 09:23:11.136146+05:30
595,43,return_visit,"{""days_since_last_visit"": 7}",/upload,2026-07-02 21:23:16.624167+05:30
596,44,signup_completed,"{""method"": ""email""}",/signup,2026-05-27 01:34:59.01065+05:30
597,45,signup_completed,"{""method"": ""email""}",/signup,2026-07-07 06:54:39.671309+05:30
598,46,signup_completed,"{""method"": ""email""}",/signup,2026-06-04 21:03:46.226704+05:30
599,47,signup_completed,"{""method"": ""email""}",/signup,2026-07-08 17:51:35.200199+05:30
600,48,signup_completed,"{""method"": ""email""}",/signup,2026-06-21 23:52:44.373846+05:30
601,49,signup_completed,"{""method"": ""email""}",/signup,2026-06-08 00:51:09.232095+05:30
602,50,signup_completed,"{""method"": ""email""}",/signup,2026-06-27 12:53:40.308003+05:30
603,51,signup_completed,"{""method"": ""email""}",/signup,2026-06-15 17:42:50.315386+05:30
604,52,signup_completed,"{""method"": ""email""}",/signup,2026-06-19 18:25:37.964418+05:30
605,53,signup_completed,"{""method"": ""email""}",/signup,2026-06-02 12:04:36.604818+05:30
606,54,signup_completed,"{""method"": ""email""}",/signup,2026-05-13 10:13:00.772636+05:30
607,55,signup_completed,"{""method"": ""email""}",/signup,2026-06-26 11:09:03.780699+05:30
608,56,signup_completed,"{""method"": ""email""}",/signup,2026-05-12 12:58:24.386847+05:30
609,57,signup_completed,"{""method"": ""email""}",/signup,2026-05-31 10:55:07.140257+05:30
610,58,signup_completed,"{""method"": ""email""}",/signup,2026-06-30 17:09:07.306421+05:30
611,59,signup_completed,"{""method"": ""email""}",/signup,2026-07-05 06:42:04.432312+05:30
612,60,signup_completed,"{""method"": ""email""}",/signup,2026-06-02 00:12:56.014925+05:30
613,61,signup_completed,"{""method"": ""email""}",/signup,2026-06-23 18:09:19.747967+05:30
614,62,signup_completed,"{""method"": ""email""}",/signup,2026-05-20 22:01:48.267935+05:30
615,63,signup_completed,"{""method"": ""email""}",/signup,2026-06-09 08:47:47.353265+05:30
616,64,signup_completed,"{""method"": ""email""}",/signup,2026-05-17 14:09:21.206729+05:30
617,65,signup_completed,"{""method"": ""email""}",/signup,2026-05-14 04:16:49.49109+05:30
618,66,signup_completed,"{""method"": ""email""}",/signup,2026-06-06 13:32:52.115865+05:30
619,67,signup_completed,"{""method"": ""email""}",/signup,2026-05-28 06:29:01.075641+05:30
620,68,signup_completed,"{""method"": ""email""}",/signup,2026-06-10 08:19:15.776537+05:30
621,69,signup_completed,"{""method"": ""email""}",/signup,2026-06-12 05:09:21.607323+05:30
622,70,signup_completed,"{""method"": ""email""}",/signup,2026-06-26 20:39:19.475103+05:30
623,71,signup_completed,"{""method"": ""email""}",/signup,2026-06-12 11:45:41.990108+05:30
624,72,signup_completed,"{""method"": ""email""}",/signup,2026-05-21 23:04:45.641648+05:30
625,73,signup_completed,"{""method"": ""email""}",/signup,2026-06-03 21:11:10.822545+05:30
626,44,resume_uploaded,"{""file_type"": ""application/pdf""}",/upload,2026-05-27 03:34:59.01065+05:30
627,45,resume_uploaded,"{""file_type"": ""application/pdf""}",/upload,2026-07-07 08:54:39.671309+05:30
628,46,resume_uploaded,"{""file_type"": ""application/pdf""}",/upload,2026-06-04 23:03:46.226704+05:30
629,47,resume_uploaded,"{""file_type"": ""application/pdf""}",/upload,2026-07-08 19:51:35.200199+05:30
630,48,resume_uploaded,"{""file_type"": ""application/pdf""}",/upload,2026-06-22 01:52:44.373846+05:30
631,49,resume_uploaded,"{""file_type"": ""application/pdf""}",/upload,2026-06-08 02:51:09.232095+05:30
632,50,resume_uploaded,"{""file_type"": ""application/pdf""}",/upload,2026-06-27 14:53:40.308003+05:30
633,51,resume_uploaded,"{""file_type"": ""application/pdf""}",/upload,2026-06-15 19:42:50.315386+05:30
634,52,resume_uploaded,"{""file_type"": ""application/pdf""}",/upload,2026-06-19 20:25:37.964418+05:30
635,53,resume_uploaded,"{""file_type"": ""application/pdf""}",/upload,2026-06-02 14:04:36.604818+05:30
636,54,resume_uploaded,"{""file_type"": ""application/pdf""}",/upload,2026-05-13 12:13:00.772636+05:30
637,55,resume_uploaded,"{""file_type"": ""application/pdf""}",/upload,2026-06-26 13:09:03.780699+05:30
638,56,resume_uploaded,"{""file_type"": ""application/pdf""}",/upload,2026-05-12 14:58:24.386847+05:30
639,57,resume_uploaded,"{""file_type"": ""application/pdf""}",/upload,2026-05-31 12:55:07.140257+05:30
640,58,resume_uploaded,"{""file_type"": ""application/pdf""}",/upload,2026-06-30 19:09:07.306421+05:30
641,59,resume_uploaded,"{""file_type"": ""application/pdf""}",/upload,2026-07-05 08:42:04.432312+05:30
642,60,resume_uploaded,"{""file_type"": ""application/pdf""}",/upload,2026-06-02 02:12:56.014925+05:30
643,61,resume_uploaded,"{""file_type"": ""application/pdf""}",/upload,2026-06-23 20:09:19.747967+05:30
644,62,resume_uploaded,"{""file_type"": ""application/pdf""}",/upload,2026-05-21 00:01:48.267935+05:30
645,63,resume_uploaded,"{""file_type"": ""application/pdf""}",/upload,2026-06-09 10:47:47.353265+05:30
646,64,resume_uploaded,"{""file_type"": ""application/pdf""}",/upload,2026-05-17 16:09:21.206729+05:30
647,65,resume_uploaded,"{""file_type"": ""application/pdf""}",/upload,2026-05-14 06:16:49.49109+05:30
648,66,resume_uploaded,"{""file_type"": ""application/pdf""}",/upload,2026-06-06 15:32:52.115865+05:30
649,67,resume_uploaded,"{""file_type"": ""application/pdf""}",/upload,2026-05-28 08:29:01.075641+05:30
650,68,resume_uploaded,"{""file_type"": ""application/pdf""}",/upload,2026-06-10 10:19:15.776537+05:30
651,69,resume_uploaded,"{""file_type"": ""application/pdf""}",/upload,2026-06-12 07:09:21.607323+05:30
652,70,resume_uploaded,"{""file_type"": ""application/pdf""}",/upload,2026-06-26 22:39:19.475103+05:30
653,71,resume_uploaded,"{""file_type"": ""application/pdf""}",/upload,2026-06-12 13:45:41.990108+05:30
654,72,resume_uploaded,"{""file_type"": ""application/pdf""}",/upload,2026-05-22 01:04:45.641648+05:30
655,73,resume_uploaded,"{""file_type"": ""application/pdf""}",/upload,2026-06-03 23:11:10.822545+05:30
656,44,ats_analysis_completed,"{""ats_score"": 67}",/results,2026-05-27 03:44:59.01065+05:30
657,45,ats_analysis_completed,"{""ats_score"": 50}",/results,2026-07-07 09:04:39.671309+05:30
658,46,ats_analysis_completed,"{""ats_score"": 48}",/results,2026-06-04 23:13:46.226704+05:30
659,47,ats_analysis_completed,"{""ats_score"": 49}",/results,2026-07-08 20:01:35.200199+05:30
660,48,ats_analysis_completed,"{""ats_score"": 69}",/results,2026-06-22 02:02:44.373846+05:30
661,49,ats_analysis_completed,"{""ats_score"": 57}",/results,2026-06-08 03:01:09.232095+05:30
662,50,ats_analysis_completed,"{""ats_score"": 56}",/results,2026-06-27 15:03:40.308003+05:30
663,51,ats_analysis_completed,"{""ats_score"": 52}",/results,2026-06-15 19:52:50.315386+05:30
664,52,ats_analysis_completed,"{""ats_score"": 60}",/results,2026-06-19 20:35:37.964418+05:30
665,53,ats_analysis_completed,"{""ats_score"": 59}",/results,2026-06-02 14:14:36.604818+05:30
666,54,ats_analysis_completed,"{""ats_score"": 68}",/results,2026-05-13 12:23:00.772636+05:30
667,55,ats_analysis_completed,"{""ats_score"": 50}",/results,2026-06-26 13:19:03.780699+05:30
668,56,ats_analysis_completed,"{""ats_score"": 64}",/results,2026-05-12 15:08:24.386847+05:30
669,57,ats_analysis_completed,"{""ats_score"": 54}",/results,2026-05-31 13:05:07.140257+05:30
670,58,ats_analysis_completed,"{""ats_score"": 54}",/results,2026-06-30 19:19:07.306421+05:30
671,59,ats_analysis_completed,"{""ats_score"": 70}",/results,2026-07-05 08:52:04.432312+05:30
672,60,ats_analysis_completed,"{""ats_score"": 51}",/results,2026-06-02 02:22:56.014925+05:30
673,61,ats_analysis_completed,"{""ats_score"": 59}",/results,2026-06-23 20:19:19.747967+05:30
674,62,ats_analysis_completed,"{""ats_score"": 51}",/results,2026-05-21 00:11:48.267935+05:30
675,63,ats_analysis_completed,"{""ats_score"": 43}",/results,2026-06-09 10:57:47.353265+05:30
676,64,ats_analysis_completed,"{""ats_score"": 53}",/results,2026-05-17 16:19:21.206729+05:30
677,65,ats_analysis_completed,"{""ats_score"": 67}",/results,2026-05-14 06:26:49.49109+05:30
678,66,ats_analysis_completed,"{""ats_score"": 52}",/results,2026-06-06 15:42:52.115865+05:30
679,67,ats_analysis_completed,"{""ats_score"": 59}",/results,2026-05-28 08:39:01.075641+05:30
680,68,ats_analysis_completed,"{""ats_score"": 66}",/results,2026-06-10 10:29:15.776537+05:30
681,69,ats_analysis_completed,"{""ats_score"": 66}",/results,2026-06-12 07:19:21.607323+05:30
682,70,ats_analysis_completed,"{""ats_score"": 41}",/results,2026-06-26 22:49:19.475103+05:30
683,71,ats_analysis_completed,"{""ats_score"": 57}",/results,2026-06-12 13:55:41.990108+05:30
684,72,ats_analysis_completed,"{""ats_score"": 42}",/results,2026-05-22 01:14:45.641648+05:30
685,73,ats_analysis_completed,"{""ats_score"": 69}",/results,2026-06-03 23:21:10.822545+05:30
686,44,return_visit,"{""days_since_last_visit"": 14}",/upload,2026-06-10 01:34:59.01065+05:30
687,45,return_visit,"{""days_since_last_visit"": 14}",/upload,2026-07-21 06:54:39.671309+05:30
688,46,return_visit,"{""days_since_last_visit"": 14}",/upload,2026-06-18 21:03:46.226704+05:30
689,47,return_visit,"{""days_since_last_visit"": 14}",/upload,2026-07-22 17:51:35.200199+05:30
690,48,return_visit,"{""days_since_last_visit"": 14}",/upload,2026-07-05 23:52:44.373846+05:30
691,49,return_visit,"{""days_since_last_visit"": 14}",/upload,2026-06-22 00:51:09.232095+05:30
692,50,return_visit,"{""days_since_last_visit"": 14}",/upload,2026-07-11 12:53:40.308003+05:30
693,51,return_visit,"{""days_since_last_visit"": 14}",/upload,2026-06-29 17:42:50.315386+05:30
694,52,return_visit,"{""days_since_last_visit"": 14}",/upload,2026-07-03 18:25:37.964418+05:30
695,53,return_visit,"{""days_since_last_visit"": 14}",/upload,2026-06-16 12:04:36.604818+05:30
696,54,return_visit,"{""days_since_last_visit"": 14}",/upload,2026-05-27 10:13:00.772636+05:30
697,55,return_visit,"{""days_since_last_visit"": 14}",/upload,2026-07-10 11:09:03.780699+05:30
698,56,return_visit,"{""days_since_last_visit"": 14}",/upload,2026-05-26 12:58:24.386847+05:30
699,57,return_visit,"{""days_since_last_visit"": 14}",/upload,2026-06-14 10:55:07.140257+05:30
700,58,return_visit,"{""days_since_last_visit"": 14}",/upload,2026-07-14 17:09:07.306421+05:30
701,74,signup_completed,"{""method"": ""google""}",/signup,2026-06-09 14:08:25.55688+05:30
702,75,signup_completed,"{""method"": ""google""}",/signup,2026-07-02 10:43:27.863595+05:30
703,76,signup_completed,"{""method"": ""google""}",/signup,2026-05-14 11:02:55.200953+05:30
704,77,signup_completed,"{""method"": ""google""}",/signup,2026-05-27 13:52:00.603572+05:30
705,78,signup_completed,"{""method"": ""google""}",/signup,2026-06-14 15:18:16.59168+05:30
706,79,signup_completed,"{""method"": ""google""}",/signup,2026-06-06 08:56:11.587048+05:30
707,80,signup_completed,"{""method"": ""google""}",/signup,2026-05-18 05:57:39.189266+05:30
708,81,signup_completed,"{""method"": ""google""}",/signup,2026-05-17 23:58:29.252106+05:30
709,82,signup_completed,"{""method"": ""google""}",/signup,2026-05-14 16:27:57.999938+05:30
710,83,signup_completed,"{""method"": ""google""}",/signup,2026-06-30 14:21:38.042232+05:30
711,84,signup_completed,"{""method"": ""google""}",/signup,2026-05-16 15:31:24.108362+05:30
712,85,signup_completed,"{""method"": ""google""}",/signup,2026-07-02 12:12:51.52305+05:30
713,86,signup_completed,"{""method"": ""google""}",/signup,2026-06-16 20:44:05.224264+05:30
714,87,signup_completed,"{""method"": ""google""}",/signup,2026-06-21 04:09:53.979687+05:30
715,88,signup_completed,"{""method"": ""google""}",/signup,2026-07-05 14:01:39.33621+05:30
716,89,signup_completed,"{""method"": ""google""}",/signup,2026-06-20 20:01:38.290232+05:30
717,90,signup_completed,"{""method"": ""google""}",/signup,2026-07-09 21:11:51.006115+05:30
718,91,signup_completed,"{""method"": ""google""}",/signup,2026-06-17 14:13:41.776588+05:30
719,92,signup_completed,"{""method"": ""google""}",/signup,2026-06-11 07:10:23.436841+05:30
720,93,signup_completed,"{""method"": ""google""}",/signup,2026-06-22 17:17:43.163852+05:30
721,94,signup_completed,"{""method"": ""google""}",/signup,2026-06-12 03:29:42.002709+05:30
722,95,signup_completed,"{""method"": ""google""}",/signup,2026-06-15 10:33:18.439312+05:30
723,96,signup_completed,"{""method"": ""google""}",/signup,2026-06-18 19:29:15.794066+05:30
724,97,signup_completed,"{""method"": ""google""}",/signup,2026-06-04 16:15:25.700061+05:30
725,98,signup_completed,"{""method"": ""google""}",/signup,2026-05-20 02:32:35.29893+05:30
726,99,signup_completed,"{""method"": ""google""}",/signup,2026-06-19 02:00:41.442171+05:30
727,100,signup_completed,"{""method"": ""google""}",/signup,2026-07-05 00:50:39.27198+05:30
728,101,signup_completed,"{""method"": ""google""}",/signup,2026-06-29 00:12:51.963562+05:30
729,102,signup_completed,"{""method"": ""google""}",/signup,2026-05-13 05:46:01.787683+05:30
730,103,signup_completed,"{""method"": ""google""}",/signup,2026-05-22 01:29:52.935344+05:30
731,74,resume_uploaded,"{""file_type"": ""application/pdf""}",/upload,2026-06-09 14:38:25.55688+05:30
732,75,resume_uploaded,"{""file_type"": ""application/pdf""}",/upload,2026-07-02 11:13:27.863595+05:30
733,76,resume_uploaded,"{""file_type"": ""application/pdf""}",/upload,2026-05-14 11:32:55.200953+05:30
734,77,resume_uploaded,"{""file_type"": ""application/pdf""}",/upload,2026-05-27 14:22:00.603572+05:30
735,78,resume_uploaded,"{""file_type"": ""application/pdf""}",/upload,2026-06-14 15:48:16.59168+05:30
736,79,resume_uploaded,"{""file_type"": ""application/pdf""}",/upload,2026-06-06 09:26:11.587048+05:30
737,80,resume_uploaded,"{""file_type"": ""application/pdf""}",/upload,2026-05-18 06:27:39.189266+05:30
738,81,resume_uploaded,"{""file_type"": ""application/pdf""}",/upload,2026-05-18 00:28:29.252106+05:30
739,82,resume_uploaded,"{""file_type"": ""application/pdf""}",/upload,2026-05-14 16:57:57.999938+05:30
740,83,resume_uploaded,"{""file_type"": ""application/pdf""}",/upload,2026-06-30 14:51:38.042232+05:30
741,84,resume_uploaded,"{""file_type"": ""application/pdf""}",/upload,2026-05-16 16:01:24.108362+05:30
742,85,resume_uploaded,"{""file_type"": ""application/pdf""}",/upload,2026-07-02 12:42:51.52305+05:30
743,86,resume_uploaded,"{""file_type"": ""application/pdf""}",/upload,2026-06-16 21:14:05.224264+05:30
744,87,resume_uploaded,"{""file_type"": ""application/pdf""}",/upload,2026-06-21 04:39:53.979687+05:30
745,88,resume_uploaded,"{""file_type"": ""application/pdf""}",/upload,2026-07-05 14:31:39.33621+05:30
